,Accuracy,Precision,Recall,F1-Score,AUC-ROC
LogisticRegression,0.7437899219304471,0.5109612141652614,0.8101604278074866,0.6266804550155118,0.8373659872381098
RandomForest,0.765791341376863,0.5424710424710425,0.7513368983957219,0.6300448430493274,0.8333100829264513
XGBoost,0.7423704755145494,0.5106382978723404,0.7058823529411765,0.5925925925925926,0.8155906895037329
